radix,algorithm,compiler_flags,cycles,adds,subs,mults,slts,srts,ands,ors,xors,divs
51,generic_any_radix_codegeneration,generic_any_radix_codegeneration_cflags_0,256948,173951,5620,67906,299,91891,48999,4,7935,0
42.5,generic_any_radix_codegeneration,generic_any_radix_codegeneration_cflags_0,371436,228760,6642,100220,300,107201,57165,5,9471,0
36.4285714285714,generic_any_radix_codegeneration,generic_any_radix_codegeneration_cflags_0,478330,291267,7664,135082,305,122513,65333,6,11007,0
31.875,generic_any_radix_codegeneration,generic_any_radix_codegeneration_cflags_0,564932,361462,8686,157126,294,137817,73493,7,12543,0
28.3333333333333,generic_any_radix_codegeneration,generic_any_radix_codegeneration_cflags_0,758028,439367,9708,213802,311,153135,81667,8,14079,0
25.5,generic_any_radix_codegeneration,generic_any_radix_codegeneration_cflags_0,360394,267617,10730,249964,312,84262,89833,9,15615,0
23.1818181818181,generic_any_radix_codegeneration,generic_any_radix_codegeneration_cflags_0,431902,314773,11752,313036,313,91919,97999,10,17151,0
21.25,generic_any_radix_codegeneration,generic_any_radix_codegeneration_cflags_0,491208,365777,12774,362016,314,99576,106165,11,18687,0
19.6153846153846,generic_any_radix_codegeneration,generic_any_radix_codegeneration_cflags_0,562578,420631,13796,418692,319,107235,114333,12,20223,0
18.2142857142857,generic_any_radix_codegeneration,generic_any_radix_codegeneration_cflags_0,644358,479333,14818,484338,324,114894,122501,13,21759,0
17,generic_any_radix_codegeneration,generic_any_radix_codegeneration_cflags_0,670422,541882,15840,499986,327,122552,130668,14,23295,0
15.9375,generic_any_radix_codegeneration,generic_any_radix_codegeneration_cflags_0,743606,608265,16862,564358,302,130196,138821,15,24831,0
15,generic_any_radix_codegeneration,generic_any_radix_codegeneration_cflags_0,844516,678523,17884,632578,331,137867,147001,16,26367,0
14.1666666666666,generic_any_radix_codegeneration,generic_any_radix_codegeneration_cflags_0,983448,752617,18906,762340,336,145526,155169,17,27903,0
13.4210526315789,generic_any_radix_codegeneration,generic_any_radix_codegeneration_cflags_0,1089910,830559,19928,836982,341,153185,163337,18,29439,0
12.75,generic_any_radix_codegeneration,generic_any_radix_codegeneration_cflags_0,1165690,912345,20950,906502,338,160840,171501,19,30975,0
12.1428571428571,generic_any_radix_codegeneration,generic_any_radix_codegeneration_cflags_0,1310094,997985,21972,1014450,347,168501,179671,20,32511,0
11.5909090909090,generic_any_radix_codegeneration,generic_any_radix_codegeneration_cflags_0,1417358,1087467,22994,1096788,344,176156,187835,21,34047,0
11.0869565217391,generic_any_radix_codegeneration,generic_any_radix_codegeneration_cflags_0,1533692,1180801,24016,1204762,349,183815,196003,22,35583,0
10.625,generic_any_radix_codegeneration,generic_any_radix_codegeneration_cflags_0,1681190,1277977,25038,1289674,342,191468,204165,23,37119,0
10.2,generic_any_radix_codegeneration,generic_any_radix_codegeneration_cflags_0,1815200,1379011,26060,1395074,355,199131,212337,24,38655,0
9.80769230769230,generic_any_radix_codegeneration,generic_any_radix_codegeneration_cflags_0,1894134,1483887,27082,1500500,356,206788,220503,25,40191,0
9.44444444444444,generic_any_radix_codegeneration,generic_any_radix_codegeneration_cflags_0,2040722,1592611,28104,1607200,357,214445,228669,26,41727,0
9.10714285714285,generic_any_radix_codegeneration,generic_any_radix_codegeneration_cflags_0,2186020,1705185,29126,1738236,362,222104,236837,27,43263,0
8.79310344827586,generic_any_radix_codegeneration,generic_any_radix_codegeneration_cflags_0,2304814,1821605,30148,1832144,363,229761,245003,28,44799,0
8.5,generic_any_radix_codegeneration,generic_any_radix_codegeneration_cflags_0,2422966,1941876,31170,1922204,370,237421,253172,29,46335,0
