radix,multiplication,algorithm,compiler_flags,cycles,adds,subs,mults,slts,srts,ands,ors,xors,divs
51,naive,generic_any_radix_codegeneration,generic_any_radix_codegeneration_cflags_0,243718,173951,5620,67906,299,91891,48999,4,7935,0
51,schoolbook,generic_any_radix_codegeneration,generic_any_radix_codegeneration_cflags_0,257260,173951,5620,67906,299,91891,48999,4,7935,0
51,karatsuba,generic_any_radix_codegeneration,generic_any_radix_codegeneration_cflags_0,247898,181673,12055,64045,299,91891,48999,4,7935,0
17,naive,generic_any_radix_codegeneration,generic_any_radix_codegeneration_cflags_0,690374,541882,15840,499986,327,122552,130668,14,23295,0
17,schoolbook,generic_any_radix_codegeneration,generic_any_radix_codegeneration_cflags_0,670188,541882,15840,499986,327,122552,130668,14,23295,0
17,karatsuba,generic_any_radix_codegeneration,generic_any_radix_codegeneration_cflags_0,638858,552178,35145,438210,327,122552,130668,14,23295,0
15,naive,generic_any_radix_codegeneration,generic_any_radix_codegeneration_cflags_0,852760,678523,17884,632578,331,137867,147001,16,26367,0
15,schoolbook,generic_any_radix_codegeneration,generic_any_radix_codegeneration_cflags_0,844334,678523,17884,632578,331,137867,147001,16,26367,0
15,karatsuba,generic_any_radix_codegeneration,generic_any_radix_codegeneration_cflags_0,782194,679810,39763,551497,331,137867,147001,16,26367,0
